city,region,country
Алейск,Алтайский край,Россия
Барнаул,Алтайский край,Россия
Белокуриха,Алтайский край,Россия
Бийск,Алтайский край,Россия
Горняк,Алтайский край,Россия
Заринск,Алтайский край,Россия
Змеиногорск,Алтайский край,Россия
Камень-на-Оби,Алтайский край,Россия
Новоалтайск,Алтайский край,Россия
Рубцовск,Алтайский край,Россия
Славгород,Алтайский край,Россия
Яровое,Алтайский край,Россия
Белогорск,Амурская область,Россия
Благовещенск,Амурская область,Россия
Завитинск,Амурская область,Россия
Зея,Амурская область,Россия
Райчихинск,Амурская область,Россия
Свободный,Амурская область,Россия
Сковородино,Амурская область,Россия
Тында,Амурская область,Россия
Циолковский,Амурская область,Россия
Шимановск,Амурская область,Россия
Архангельск,Архангельская область,Россия
Вельск,Архангельская область,Россия
Каргополь,Архангельская область,Россия
Коряжма,Архангельская область,Россия
Котлас,Архангельская область,Россия
Мезень,Архангельская область,Россия
Мирный,Архангельская область,Россия
Нарьян-Мар,Архангельская область,Россия
Новодвинск,Архангельская область,Россия
Няндома,Архангельская область,Россия
Онега,Архангельская область,Россия
Северодвинск,Архангельская область,Россия
Сольвычегодск,Архангельская область,Россия
Шенкурск,Архангельская область,Россия
Астрахань,Астраханская область,Россия
Ахтубинск,Астраханская область,Россия
Знаменск,Астраханская область,Россия
Камызяк,Астраханская область,Россия
Нариманов,Астраханская область,Россия
Харабали,Астраханская область,Россия
Алексеевка,Белгородская область,Россия
Белгород,Белгородская область,Россия
Бирюч,Белгородская область,Россия
Валуйки,Белгородская область,Россия
Грайворон,Белгородская область,Россия
Губкин,Белгородская область,Россия
Короча,Белгородская область,Россия
Новый Оскол,Белгородская область,Россия
Старый Оскол,Белгородская область,Россия
Строитель,Белгородская область,Россия
Шебекино,Белгородская область,Россия
Брянск,Брянская область,Россия
Дятьково,Брянская область,Россия
Жуковка,Брянская область,Россия
Злынка,Брянская область,Россия
Карачев,Брянская область,Россия
Клинцы,Брянская область,Россия
Мглин,Брянская область,Россия
Новозыбков,Брянская область,Россия
Почеп,Брянская область,Россия
Севск,Брянская область,Россия
Сельцо,Брянская область,Россия
Стародуб,Брянская область,Россия
Сураж,Брянская область,Россия
Трубчевск,Брянская область,Россия
Унеча,Брянская область,Россия
Фокино,Брянская область,Россия
Александров,Владимирская область,Россия
Владимир,Владимирская область,Россия
Вязники,Владимирская область,Россия
Гороховец,Владимирская область,Россия
Гусь-Хрустальный,Владимирская область,Россия
Камешково,Владимирская область,Россия
Карабаново,Владимирская область,Россия
Киржач,Владимирская область,Россия
Ковров,Владимирская область,Россия
Кольчугино,Владимирская область,Россия
Костерево,Владимирская область,Россия
Курлово,Владимирская область,Россия
Лакинск,Владимирская область,Россия
Меленки,Владимирская область,Россия
Муром,Владимирская область,Россия
Петушки,Владимирская область,Россия
Покров,Владимирская область,Россия
Радужный,Владимирская область,Россия
Собинка,Владимирская область,Россия
Струнино,Владимирская область,Россия
Судогда,Владимирская область,Россия
Суздаль,Владимирская область,Россия
Юрьев-Польский,Владимирская область,Россия
Волгоград,Волгоградская область,Россия
Волжский,Волгоградская область,Россия
Дубовка,Волгоградская область,Россия
Жирновск,Волгоградская область,Россия
Калач-на-Дону,Волгоградская область,Россия
Камышин,Волгоградская область,Россия
Котельниково,Волгоградская область,Россия
Котово,Волгоградская область,Россия
Краснослободск,Волгоградская область,Россия
Ленинск,Волгоградская область,Россия
Михайловка,Волгоградская область,Россия
Николаевск,Волгоградская область,Россия
Новоаннинский,Волгоградская область,Россия
Палласовка,Волгоградская область,Россия
Петров Вал,Волгоградская область,Россия
Серафимович,Волгоградская область,Россия
Суровикино,Волгоградская область,Россия
Урюпинск,Волгоградская область,Россия
Фролово,Волгоградская область,Россия
Бабаево,Вологодская область,Россия
Белозерск,Вологодская область,Россия
Великий Устюг,Вологодская область,Россия
Вологда,Вологодская область,Россия
Вытегра,Вологодская область,Россия
Грязовец,Вологодская область,Россия
Кадников,Вологодская область,Россия
Кириллов,Вологодская область,Россия
Красавино,Вологодская область,Россия
Никольск,Вологодская область,Россия
Сокол,Вологодская область,Россия
Тотьма,Вологодская область,Россия
Устюжна,Вологодская область,Россия
Харовск,Вологодская область,Россия
Череповец,Вологодская область,Россия
Бобров,Воронежская область,Россия
Богучар,Воронежская область,Россия
Борисоглебск,Воронежская область,Россия
Бутурлиновка,Воронежская область,Россия
Воронеж,Воронежская область,Россия
Калач,Воронежская область,Россия
Лиски,Воронежская область,Россия
Нововоронеж,Воронежская область,Россия
Новохоперск,Воронежская область,Россия
Острогожск,Воронежская область,Россия
Павловск,Воронежская область,Россия
Поворино,Воронежская область,Россия
Россошь,Воронежская область,Россия
Семилуки,Воронежская область,Россия
Эртиль,Воронежская область,Россия
Биробиджан,Еврейская автономная область,Россия
Облучье,Еврейская автономная область,Россия
Балей,Забайкальский край,Россия
Борзя,Забайкальский край,Россия
Краснокаменск,Забайкальский край,Россия
Могоча,Забайкальский край,Россия
Нерчинск,Забайкальский край,Россия
Петровск-Забайкальский,Забайкальский край,Россия
Сретенск,Забайкальский край,Россия
Хилок,Забайкальский край,Россия
Чита,Забайкальский край,Россия
Шилка,Забайкальский край,Россия
Вичуга,Ивановская область,Россия
Гаврилов Посад,Ивановская область,Россия
Заволжск,Ивановская область,Россия
Иваново,Ивановская область,Россия
Кинешма,Ивановская область,Россия
Комсомольск,Ивановская область,Россия
Кохма,Ивановская область,Россия
Наволоки,Ивановская область,Россия
Плес,Ивановская область,Россия
Приволжск,Ивановская область,Россия
Пучеж,Ивановская область,Россия
Родники,Ивановская область,Россия
Тейково,Ивановская область,Россия
Фурманов,Ивановская область,Россия
Шуя,Ивановская область,Россия
Южа,Ивановская область,Россия
Юрьевец,Ивановская область,Россия
Алзамай,Иркутская область,Россия
Ангарск,Иркутская область,Россия
Байкальск,Иркутская область,Россия
Бирюсинск,Иркутская область,Россия
Бодайбо,Иркутская область,Россия
Братск,Иркутская область,Россия
Вихоревка,Иркутская область,Россия
Железногорск-Илимский,Иркутская область,Россия
Зима,Иркутская область,Россия
Иркутск,Иркутская область,Россия
Киренск,Иркутская область,Россия
Нижнеудинск,Иркутская область,Россия
Саянск,Иркутская область,Россия
Свирск,Иркутская область,Россия
Слюдянка,Иркутская область,Россия
Тайшет,Иркутская область,Россия
Тулун,Иркутская область,Россия
Усолье-Сибирское,Иркутская область,Россия
Усть-Илимск,Иркутская область,Россия
Усть-Кут,Иркутская область,Россия
Черемхово,Иркутская область,Россия
Шелехов,Иркутская область,Россия
Баксан,Кабардино-Балкарская Республика,Россия
Майский,Кабардино-Балкарская Республика,Россия
Нальчик,Кабардино-Балкарская Республика,Россия
Нарткала,Кабардино-Балкарская Республика,Россия
Прохладный,Кабардино-Балкарская Республика,Россия
Терек,Кабардино-Балкарская Республика,Россия
Тырныауз,Кабардино-Балкарская Республика,Россия
Чегем,Кабардино-Балкарская Республика,Россия
Багратионовск,Калининградская область,Россия
Балтийск,Калининградская область,Россия
Гвардейск,Калининградская область,Россия
Гурьевск,Калининградская область,Россия
Гусев,Калининградская область,Россия
Зеленоградск,Калининградская область,Россия
Калининград,Калининградская область,Россия
Краснознаменск,Калининградская область,Россия
Ладушкин,Калининградская область,Россия
Мамоново,Калининградская область,Россия
Неман,Калининградская область,Россия
Нестеров,Калининградская область,Россия
Озерск,Калининградская область,Россия
Пионерский,Калининградская область,Россия
Полесск,Калининградская область,Россия
Правдинск,Калининградская область,Россия
Приморск,Калининградская область,Россия
Светлогорск,Калининградская область,Россия
Светлый,Калининградская область,Россия
Славск,Калининградская область,Россия
Советск,Калининградская область,Россия
Черняховск,Калининградская область,Россия
Балабаново,Калужская область,Россия
Белоусово,Калужская область,Россия
Боровск,Калужская область,Россия
Ермолино,Калужская область,Россия
Жиздра,Калужская область,Россия
Жуков,Калужская область,Россия
Калуга,Калужская область,Россия
Киров,Калужская область,Россия
Козельск,Калужская область,Россия
Кондрово,Калужская область,Россия
Кременки,Калужская область,Россия
Людиново,Калужская область,Россия
Малоярославец,Калужская область,Россия
Медынь,Калужская область,Россия
Мещовск,Калужская область,Россия
Мосальск,Калужская область,Россия
Обнинск,Калужская область,Россия
Сосенский,Калужская область,Россия
Спас-Деменск,Калужская область,Россия
Сухиничи,Калужская область,Россия
Таруса,Калужская область,Россия
Юхнов,Калужская область,Россия
Вилючинск,Камчатский край,Россия
Елизово,Камчатский край,Россия
Петропавловск-Камчатский,Камчатский край,Россия
Карачаевск,Карачаево-Черкесская Республика,Россия
Теберда,Карачаево-Черкесская Республика,Россия
Усть-Джегута,Карачаево-Черкесская Республика,Россия
Черкесск,Карачаево-Черкесская Республика,Россия
Анжеро-Судженск,Кемеровская область - Кузбасс,Россия
Белово,Кемеровская область - Кузбасс,Россия
Березовский,Кемеровская область - Кузбасс,Россия
Гурьевск,Кемеровская область - Кузбасс,Россия
Калтан,Кемеровская область - Кузбасс,Россия
Кемерово,Кемеровская область - Кузбасс,Россия
Киселевск,Кемеровская область - Кузбасс,Россия
Ленинск-Кузнецкий,Кемеровская область - Кузбасс,Россия
Мариинск,Кемеровская область - Кузбасс,Россия
Междуреченск,Кемеровская область - Кузбасс,Россия
Мыски,Кемеровская область - Кузбасс,Россия
Новокузнецк,Кемеровская область - Кузбасс,Россия
Осинники,Кемеровская область - Кузбасс,Россия
Полысаево,Кемеровская область - Кузбасс,Россия
Прокопьевск,Кемеровская область - Кузбасс,Россия
Салаир,Кемеровская область - Кузбасс,Россия
Тайга,Кемеровская область - Кузбасс,Россия
Таштагол,Кемеровская область - Кузбасс,Россия
Топки,Кемеровская область - Кузбасс,Россия
Юрга,Кемеровская область - Кузбасс,Россия
Белая Холуница,Кировская область,Россия
Вятские Поляны,Кировская область,Россия
Зуевка,Кировская область,Россия
Киров,Кировская область,Россия
Кирово-Чепецк,Кировская область,Россия
Кирс,Кировская область,Россия
Котельнич,Кировская область,Россия
Луза,Кировская область,Россия
Малмыж,Кировская область,Россия
Мураши,Кировская область,Россия
Нолинск,Кировская область,Россия
Омутнинск,Кировская область,Россия
Орлов,Кировская область,Россия
Слободской,Кировская область,Россия
Советск,Кировская область,Россия
Сосновка,Кировская область,Россия
Уржум,Кировская область,Россия
Яранск,Кировская область,Россия
Буй,Костромская область,Россия
Волгореченск,Костромская область,Россия
Галич,Костромская область,Россия
Кологрив,Костромская область,Россия
Кострома,Костромская область,Россия
Макарьев,Костромская область,Россия
Мантурово,Костромская область,Россия
Нерехта,Костромская область,Россия
Нея,Костромская область,Россия
Солигалич,Костромская область,Россия
Чухлома,Костромская область,Россия
Шарья,Костромская область,Россия
Абинск,Краснодарский край,Россия
Анапа,Краснодарский край,Россия
Апшеронск,Краснодарский край,Россия
Армавир,Краснодарский край,Россия
Белореченск,Краснодарский край,Россия
Геленджик,Краснодарский край,Россия
Горячий Ключ,Краснодарский край,Россия
Гулькевичи,Краснодарский край,Россия
Ейск,Краснодарский край,Россия
Кореновск,Краснодарский край,Россия
Краснодар,Краснодарский край,Россия
Кропоткин,Краснодарский край,Россия
Крымск,Краснодарский край,Россия
Курганинск,Краснодарский край,Россия
Лабинск,Краснодарский край,Россия
Новокубанск,Краснодарский край,Россия
Новороссийск,Краснодарский край,Россия
Приморско-Ахтарск,Краснодарский край,Россия
Славянск-на-Кубани,Краснодарский край,Россия
Сочи,Краснодарский край,Россия
Темрюк,Краснодарский край,Россия
Тимашевск,Краснодарский край,Россия
Тихорецк,Краснодарский край,Россия
Туапсе,Краснодарский край,Россия
Усть-Лабинск,Краснодарский край,Россия
Хадыженск,Краснодарский край,Россия
Артемовск,Красноярский край,Россия
Ачинск,Красноярский край,Россия
Боготол,Красноярский край,Россия
Бородино,Красноярский край,Россия
Дивногорск,Красноярский край,Россия
Дудинка,Красноярский край,Россия
Енисейск,Красноярский край,Россия
Железногорск,Красноярский край,Россия
Заозерный,Красноярский край,Россия
Зеленогорск,Красноярский край,Россия
Игарка,Красноярский край,Россия
Иланский,Красноярский край,Россия
Канск,Красноярский край,Россия
Кодинск,Красноярский край,Россия
Красноярск,Красноярский край,Россия
Лесосибирск,Красноярский край,Россия
Минусинск,Красноярский край,Россия
Назарово,Красноярский край,Россия
Норильск,Красноярский край,Россия
Сосновоборск,Красноярский край,Россия
Ужур,Красноярский край,Россия
Уяр,Красноярский край,Россия
Шарыпово,Красноярский край,Россия
Далматово,Курганская область,Россия
Катайск,Курганская область,Россия
Курган,Курганская область,Россия
Куртамыш,Курганская область,Россия
Макушино,Курганская область,Россия
Петухово,Курганская область,Россия
Шадринск,Курганская область,Россия
Шумиха,Курганская область,Россия
Щучье,Курганская область,Россия
Дмитриев-Льговский,Курская область,Россия
Железногорск,Курская область,Россия
Курск,Курская область,Россия
Курчатов,Курская область,Россия
Льгов,Курская область,Россия
Обоянь,Курская область,Россия
Рыльск,Курская область,Россия
Суджа,Курская область,Россия
Фатеж,Курская область,Россия
Щигры,Курская область,Россия
Бокситогорск,Ленинградская область,Россия
Волосово,Ленинградская область,Россия
Волхов,Ленинградская область,Россия
Всеволожск,Ленинградская область,Россия
Выборг,Ленинградская область,Россия
Высоцк,Ленинградская область,Россия
Гатчина,Ленинградская область,Россия
Ивангород,Ленинградская область,Россия
Каменногорск,Ленинградская область,Россия
Кингисепп,Ленинградская область,Россия
Кириши,Ленинградская область,Россия
Кировск,Ленинградская область,Россия
Коммунар,Ленинградская область,Россия
Кудрово,Ленинградская область,Россия
Лодейное Поле,Ленинградская область,Россия
Луга,Ленинградская область,Россия
Любань,Ленинградская область,Россия
Мурино,Ленинградская область,Россия
Никольское,Ленинградская область,Россия
Новая Ладога,Ленинградская область,Россия
Отрадное,Ленинградская область,Россия
Пикалево,Ленинградская область,Россия
Подпорожье,Ленинградская область,Россия
Приморск,Ленинградская область,Россия
Приозерск,Ленинградская область,Россия
Светогорск,Ленинградская область,Россия
Сертолово,Ленинградская область,Россия
Сланцы,Ленинградская область,Россия
Сосновый Бор,Ленинградская область,Россия
Сясьстрой,Ленинградская область,Россия
Тихвин,Ленинградская область,Россия
Тосно,Ленинградская область,Россия
Шлиссельбург,Ленинградская область,Россия
Грязи,Липецкая область,Россия
Данков,Липецкая область,Россия
Елец,Липецкая область,Россия
Задонск,Липецкая область,Россия
Лебедянь,Липецкая область,Россия
Липецк,Липецкая область,Россия
Усмань,Липецкая область,Россия
Чаплыгин,Липецкая область,Россия
Магадан,Магаданская область,Россия
Сусуман,Магаданская область,Россия
Москва,Московская область,Россия
Апрелевка,Московская область,Россия
Балашиха,Московская область,Россия
Белоозерский,Московская область,Россия
Бронницы,Московская область,Россия
Верея,Московская область,Россия
Видное,Московская область,Россия
Волоколамск,Московская область,Россия
Воскресенск,Московская область,Россия
Высоковск,Московская область,Россия
Голицыно,Московская область,Россия
Дедовск,Московская область,Россия
Дзержинский,Московская область,Россия
Дмитров,Московская область,Россия
Долгопрудный,Московская область,Россия
Домодедово,Московская область,Россия
Дрезна,Московская область,Россия
Дубна,Московская область,Россия
Егорьевск,Московская область,Россия
Жуковский,Московская область,Россия
Зарайск,Московская область,Россия
Звенигород,Московская область,Россия
Ивантеевка,Московская область,Россия
Истра,Московская область,Россия
Кашира,Московская область,Россия
Клин,Московская область,Россия
Коломна,Московская область,Россия
Королев,Московская область,Россия
Котельники,Московская область,Россия
Красноармейск,Московская область,Россия
Красногорск,Московская область,Россия
Краснозаводск,Московская область,Россия
Краснознаменск,Московская область,Россия
Кубинка,Московская область,Россия
Куровское,Московская область,Россия
Ликино-Дулево,Московская область,Россия
Лобня,Московская область,Россия
Лосино-Петровский,Московская область,Россия
Луховицы,Московская область,Россия
Лыткарино,Московская область,Россия
Люберцы,Московская область,Россия
Можайск,Московская область,Россия
Мытищи,Московская область,Россия
Наро-Фоминск,Московская область,Россия
Ногинск,Московская область,Россия
Одинцово,Московская область,Россия
Озеры,Московская область,Россия
Орехово-Зуево,Московская область,Россия
Павловский Посад,Московская область,Россия
Пересвет,Московская область,Россия
Подольск,Московская область,Россия
Протвино,Московская область,Россия
Пушкино,Московская область,Россия
Пущино,Московская область,Россия
Раменское,Московская область,Россия
Реутов,Московская область,Россия
Рошаль,Московская область,Россия
Руза,Московская область,Россия
Сергиев Посад,Московская область,Россия
Серпухов,Московская область,Россия
Солнечногорск,Московская область,Россия
Старая Купавна,Московская область,Россия
Ступино,Московская область,Россия
Талдом,Московская область,Россия
Фрязино,Московская область,Россия
Химки,Московская область,Россия
Хотьково,Московская область,Россия
Черноголовка,Московская область,Россия
Чехов,Московская область,Россия
Шатура,Московская область,Россия
Щелково,Московская область,Россия
Электрогорск,Московская область,Россия
Электросталь,Московская область,Россия
Электроугли,Московская область,Россия
Яхрома,Московская область,Россия
Апатиты,Мурманская область,Россия
Гаджиево,Мурманская область,Россия
Заозерск,Мурманская область,Россия
Заполярный,Мурманская область,Россия
Кандалакша,Мурманская область,Россия
Кировск,Мурманская область,Россия
Ковдор,Мурманская область,Россия
Кола,Мурманская область,Россия
Мончегорск,Мурманская область,Россия
Мурманск,Мурманская область,Россия
Оленегорск,Мурманская область,Россия
Островной,Мурманская область,Россия
Полярные Зори,Мурманская область,Россия
Полярный,Мурманская область,Россия
Североморск,Мурманская область,Россия
Снежногорск,Мурманская область,Россия
Арзамас,Нижегородская область,Россия
Балахна,Нижегородская область,Россия
Богородск,Нижегородская область,Россия
Бор,Нижегородская область,Россия
Ветлуга,Нижегородская область,Россия
Володарск,Нижегородская область,Россия
Ворсма,Нижегородская область,Россия
Выкса,Нижегородская область,Россия
Горбатов,Нижегородская область,Россия
Городец,Нижегородская область,Россия
Дзержинск,Нижегородская область,Россия
Заволжье,Нижегородская область,Россия
Княгинино,Нижегородская область,Россия
Кстово,Нижегородская область,Россия
Кулебаки,Нижегородская область,Россия
Лукоянов,Нижегородская область,Россия
Лысково,Нижегородская область,Россия
Навашино,Нижегородская область,Россия
Нижний Новгород,Нижегородская область,Россия
Павлово,Нижегородская область,Россия
Первомайск,Нижегородская область,Россия
Перевоз,Нижегородская область,Россия
Саров,Нижегородская область,Россия
Семенов,Нижегородская область,Россия
Сергач,Нижегородская область,Россия
Урень,Нижегородская область,Россия
Чкаловск,Нижегородская область,Россия
Шахунья,Нижегородская область,Россия
Боровичи,Новгородская область,Россия
Валдай,Новгородская область,Россия
Великий Новгород,Новгородская область,Россия
Малая Вишера,Новгородская область,Россия
Окуловка,Новгородская область,Россия
Пестово,Новгородская область,Россия
Сольцы,Новгородская область,Россия
Старая Русса,Новгородская область,Россия
Холм,Новгородская область,Россия
Чудово,Новгородская область,Россия
Барабинск,Новосибирская область,Россия
Бердск,Новосибирская область,Россия
Болотное,Новосибирская область,Россия
Искитим,Новосибирская область,Россия
Карасук,Новосибирская область,Россия
Каргат,Новосибирская область,Россия
Куйбышев,Новосибирская область,Россия
Купино,Новосибирская область,Россия
Новосибирск,Новосибирская область,Россия
Обь,Новосибирская область,Россия
Татарск,Новосибирская область,Россия
Тогучин,Новосибирская область,Россия
Черепаново,Новосибирская область,Россия
Чулым,Новосибирская область,Россия
Исилькуль,Омская область,Россия
Калачинск,Омская область,Россия
Называевск,Омская область,Россия
Омск,Омская область,Россия
Тара,Омская область,Россия
Тюкалинск,Омская область,Россия
Абдулино,Оренбургская область,Россия
Бугуруслан,Оренбургская область,Россия
Бузулук,Оренбургская область,Россия
Гай,Оренбургская область,Россия
Кувандык,Оренбургская область,Россия
Медногорск,Оренбургская область,Россия
Новотроицк,Оренбургская область,Россия
Оренбург,Оренбургская область,Россия
Орск,Оренбургская область,Россия
Соль-Илецк,Оренбургская область,Россия
Сорочинск,Оренбургская область,Россия
Ясный,Оренбургская область,Россия
Болхов,Орловская область,Россия
Дмитровск,Орловская область,Россия
Ливны,Орловская область,Россия
Малоархангельск,Орловская область,Россия
Мценск,Орловская область,Россия
Новосиль,Орловская область,Россия
Орел,Орловская область,Россия
Белинский,Пензенская область,Россия
Городище,Пензенская область,Россия
Заречный,Пензенская область,Россия
Каменка,Пензенская область,Россия
Кузнецк,Пензенская область,Россия
Нижний Ломов,Пензенская область,Россия
Никольск,Пензенская область,Россия
Пенза,Пензенская область,Россия
Сердобск,Пензенская область,Россия
Спасск,Пензенская область,Россия
Сурск,Пензенская область,Россия
Александровск,Пермский край,Россия
Березники,Пермский край,Россия
Верещагино,Пермский край,Россия
Горнозаводск,Пермский край,Россия
Гремячинск,Пермский край,Россия
Губаха,Пермский край,Россия
Добрянка,Пермский край,Россия
Кизел,Пермский край,Россия
Красновишерск,Пермский край,Россия
Краснокамск,Пермский край,Россия
Кудымкар,Пермский край,Россия
Кунгур,Пермский край,Россия
Лысьва,Пермский край,Россия
Нытва,Пермский край,Россия
Оса,Пермский край,Россия
Оханск,Пермский край,Россия
Очер,Пермский край,Россия
Пермь,Пермский край,Россия
Соликамск,Пермский край,Россия
Усолье,Пермский край,Россия
Чайковский,Пермский край,Россия
Чердынь,Пермский край,Россия
Чермоз,Пермский край,Россия
Чернушка,Пермский край,Россия
Чусовой,Пермский край,Россия
Арсеньев,Приморский край,Россия
Артем,Приморский край,Россия
Большой Камень,Приморский край,Россия
Владивосток,Приморский край,Россия
Дальнегорск,Приморский край,Россия
Дальнереченск,Приморский край,Россия
Лесозаводск,Приморский край,Россия
Находка,Приморский край,Россия
Партизанск,Приморский край,Россия
Спасск-Дальний,Приморский край,Россия
Уссурийск,Приморский край,Россия
Фокино,Приморский край,Россия
Великие Луки,Псковская область,Россия
Гдов,Псковская область,Россия
Дно,Псковская область,Россия
Невель,Псковская область,Россия
Новоржев,Псковская область,Россия
Новосокольники,Псковская область,Россия
Опочка,Псковская область,Россия
Остров,Псковская область,Россия
Печоры,Псковская область,Россия
Порхов,Псковская область,Россия
Псков,Псковская область,Россия
Пустошка,Псковская область,Россия
Пыталово,Псковская область,Россия
Себеж,Псковская область,Россия
Адыгейск,Республика Адыгея,Россия
Майкоп,Республика Адыгея,Россия
Горно-Алтайск,Республика Алтай,Россия
Агидель,Республика Башкортостан,Россия
Баймак,Республика Башкортостан,Россия
Белебей,Республика Башкортостан,Россия
Белорецк,Республика Башкортостан,Россия
Бирск,Республика Башкортостан,Россия
Благовещенск,Республика Башкортостан,Россия
Давлеканово,Республика Башкортостан,Россия
Дюртюли,Республика Башкортостан,Россия
Ишимбай,Республика Башкортостан,Россия
Кумертау,Республика Башкортостан,Россия
Межгорье,Республика Башкортостан,Россия
Мелеуз,Республика Башкортостан,Россия
Нефтекамск,Республика Башкортостан,Россия
Октябрьский,Республика Башкортостан,Россия
Салават,Республика Башкортостан,Россия
Сибай,Республика Башкортостан,Россия
Стерлитамак,Республика Башкортостан,Россия
Туймазы,Республика Башкортостан,Россия
Уфа,Республика Башкортостан,Россия
Учалы,Республика Башкортостан,Россия
Янаул,Республика Башкортостан,Россия
Бабушкин,Республика Бурятия,Россия
Гусиноозерск,Республика Бурятия,Россия
Закаменск,Республика Бурятия,Россия
Кяхта,Республика Бурятия,Россия
Северобайкальск,Республика Бурятия,Россия
Улан-Удэ,Республика Бурятия,Россия
Буйнакск,Республика Дагестан,Россия
Дагестанские Огни,Республика Дагестан,Россия
Дербент,Республика Дагестан,Россия
Избербаш,Республика Дагестан,Россия
Каспийск,Республика Дагестан,Россия
Кизилюрт,Республика Дагестан,Россия
Кизляр,Республика Дагестан,Россия
Махачкала,Республика Дагестан,Россия
Хасавюрт,Республика Дагестан,Россия
Южно-Сухокумск,Республика Дагестан,Россия
Карабулак,Республика Ингушетия,Россия
Магас,Республика Ингушетия,Россия
Малгобек,Республика Ингушетия,Россия
Назрань,Республика Ингушетия,Россия
Сунжа,Республика Ингушетия,Россия
Городовиковск,Республика Калмыкия,Россия
Лагань,Республика Калмыкия,Россия
Элиста,Республика Калмыкия,Россия
Беломорск,Республика Карелия,Россия
Кемь,Республика Карелия,Россия
Кондопога,Республика Карелия,Россия
Костомукша,Республика Карелия,Россия
Лахденпохья,Республика Карелия,Россия
Медвежьегорск,Республика Карелия,Россия
Олонец,Республика Карелия,Россия
Петрозаводск,Республика Карелия,Россия
Питкяранта,Республика Карелия,Россия
Пудож,Республика Карелия,Россия
Сегежа,Республика Карелия,Россия
Сортавала,Республика Карелия,Россия
Суоярви,Республика Карелия,Россия
Воркута,Республика Коми,Россия
Вуктыл,Республика Коми,Россия
Емва,Республика Коми,Россия
Инта,Республика Коми,Россия
Микунь,Республика Коми,Россия
Печора,Республика Коми,Россия
Сосногорск,Республика Коми,Россия
Сыктывкар,Республика Коми,Россия
Усинск,Республика Коми,Россия
Ухта,Республика Коми,Россия
Алупка,Республика Крым,Россия
Алушта,Республика Крым,Россия
Армянск,Республика Крым,Россия
Бахчисарай,Республика Крым,Россия
Белогорск,Республика Крым,Россия
Джанкой,Республика Крым,Россия
Евпатория,Республика Крым,Россия
Керчь,Республика Крым,Россия
Красноперекопск,Республика Крым,Россия
Саки,Республика Крым,Россия
Симферополь,Республика Крым,Россия
Старый Крым,Республика Крым,Россия
Судак,Республика Крым,Россия
Феодосия,Республика Крым,Россия
Щелкино,Республика Крым,Россия
Ялта,Республика Крым,Россия
Волжск,Республика Марий Эл,Россия
Звенигово,Республика Марий Эл,Россия
Йошкар-Ола,Республика Марий Эл,Россия
Козьмодемьянск,Республика Марий Эл,Россия
Ардатов,Республика Мордовия,Россия
Инсар,Республика Мордовия,Россия
Ковылкино,Республика Мордовия,Россия
Краснослободск,Республика Мордовия,Россия
Рузаевка,Республика Мордовия,Россия
Саранск,Республика Мордовия,Россия
Темников,Республика Мордовия,Россия
Алдан,Республика Саха (Якутия),Россия
Верхоянск,Республика Саха (Якутия),Россия
Вилюйск,Республика Саха (Якутия),Россия
Ленск,Республика Саха (Якутия),Россия
Мирный,Республика Саха (Якутия),Россия
Нерюнгри,Республика Саха (Якутия),Россия
Нюрба,Республика Саха (Якутия),Россия
Олекминск,Республика Саха (Якутия),Россия
Покровск,Республика Саха (Якутия),Россия
Среднеколымск,Республика Саха (Якутия),Россия
Томмот,Республика Саха (Якутия),Россия
Удачный,Республика Саха (Якутия),Россия
Якутск,Республика Саха (Якутия),Россия
Алагир,Республика Северная Осетия – Алания,Россия
Ардон,Республика Северная Осетия – Алания,Россия
Беслан,Республика Северная Осетия – Алания,Россия
Владикавказ,Республика Северная Осетия – Алания,Россия
Дигора,Республика Северная Осетия – Алания,Россия
Моздок,Республика Северная Осетия – Алания,Россия
Агрыз,Республика Татарстан,Россия
Азнакаево,Республика Татарстан,Россия
Альметьевск,Республика Татарстан,Россия
Арск,Республика Татарстан,Россия
Бавлы,Республика Татарстан,Россия
Болгар,Республика Татарстан,Россия
Бугульма,Республика Татарстан,Россия
Буинск,Республика Татарстан,Россия
Елабуга,Республика Татарстан,Россия
Заинск,Республика Татарстан,Россия
Зеленодольск,Республика Татарстан,Россия
Иннополис,Республика Татарстан,Россия
Казань,Республика Татарстан,Россия
Кукмор,Республика Татарстан,Россия
Лаишево,Республика Татарстан,Россия
Лениногорск,Республика Татарстан,Россия
Мамадыш,Республика Татарстан,Россия
Менделеевск,Республика Татарстан,Россия
Мензелинск,Республика Татарстан,Россия
Набережные Челны,Республика Татарстан,Россия
Нижнекамск,Республика Татарстан,Россия
Нурлат,Республика Татарстан,Россия
Тетюши,Республика Татарстан,Россия
Чистополь,Республика Татарстан,Россия
Ак-Довурак,Республика Тыва,Россия
Кызыл,Республика Тыва,Россия
Туран,Республика Тыва,Россия
Чадан,Республика Тыва,Россия
Шагонар,Республика Тыва,Россия
Абаза,Республика Хакасия,Россия
Абакан,Республика Хакасия,Россия
Саяногорск,Республика Хакасия,Россия
Сорск,Республика Хакасия,Россия
Черногорск,Республика Хакасия,Россия
Азов,Ростовская область,Россия
Аксай,Ростовская область,Россия
Батайск,Ростовская область,Россия
Белая Калитва,Ростовская область,Россия
Волгодонск,Ростовская область,Россия
Гуково,Ростовская область,Россия
Донецк,Ростовская область,Россия
Зверево,Ростовская область,Россия
Зерноград,Ростовская область,Россия
Каменск-Шахтинский,Ростовская область,Россия
Константиновск,Ростовская область,Россия
Красный Сулин,Ростовская область,Россия
Миллерово,Ростовская область,Россия
Морозовск,Ростовская область,Россия
Новочеркасск,Ростовская область,Россия
Новошахтинск,Ростовская область,Россия
Пролетарск,Ростовская область,Россия
Ростов-на-Дону,Ростовская область,Россия
Сальск,Ростовская область,Россия
Семикаракорск,Ростовская область,Россия
Таганрог,Ростовская область,Россия
Цимлянск,Ростовская область,Россия
Шахты,Ростовская область,Россия
Касимов,Рязанская область,Россия
Кораблино,Рязанская область,Россия
Михайлов,Рязанская область,Россия
Новомичуринск,Рязанская область,Россия
Рыбное,Рязанская область,Россия
Ряжск,Рязанская область,Россия
Рязань,Рязанская область,Россия
Сасово,Рязанская область,Россия
Скопин,Рязанская область,Россия
Спас-Клепики,Рязанская область,Россия
Спасск-Рязанский,Рязанская область,Россия
Шацк,Рязанская область,Россия
Жигулевск,Самарская область,Россия
Кинель,Самарская область,Россия
Нефтегорск,Самарская область,Россия
Новокуйбышевск,Самарская область,Россия
Октябрьск,Самарская область,Россия
Отрадный,Самарская область,Россия
Похвистнево,Самарская область,Россия
Самара,Самарская область,Россия
Сызрань,Самарская область,Россия
Тольятти,Самарская область,Россия
Чапаевск,Самарская область,Россия
Санкт-Петербург,Санкт-Петербург,Россия
Аркадак,Саратовская область,Россия
Аткарск,Саратовская область,Россия
Балаково,Саратовская область,Россия
Балашов,Саратовская область,Россия
Вольск,Саратовская область,Россия
Ершов,Саратовская область,Россия
Калининск,Саратовская область,Россия
Красноармейск,Саратовская область,Россия
Красный Кут,Саратовская область,Россия
Маркс,Саратовская область,Россия
Новоузенск,Саратовская область,Россия
Петровск,Саратовская область,Россия
Пугачев,Саратовская область,Россия
Ртищево,Саратовская область,Россия
Саратов,Саратовская область,Россия
Хвалынск,Саратовская область,Россия
Шиханы,Саратовская область,Россия
Энгельс,Саратовская область,Россия
Александровск-Сахалинский,Сахалинская область,Россия
Анива,Сахалинская область,Россия
Долинск,Сахалинская область,Россия
Корсаков,Сахалинская область,Россия
Курильск,Сахалинская область,Россия
Макаров,Сахалинская область,Россия
Невельск,Сахалинская область,Россия
Оха,Сахалинская область,Россия
Поронайск,Сахалинская область,Россия
Северо-Курильск,Сахалинская область,Россия
Томари,Сахалинская область,Россия
Углегорск,Сахалинская область,Россия
Холмск,Сахалинская область,Россия
Южно-Сахалинск,Сахалинская область,Россия
Алапаевск,Свердловская область,Россия
Арамиль,Свердловская область,Россия
Артемовский,Свердловская область,Россия
Асбест,Свердловская область,Россия
Березовский,Свердловская область,Россия
Богданович,Свердловская область,Россия
Верхний Тагил,Свердловская область,Россия
Верхняя Пышма,Свердловская область,Россия
Верхняя Салда,Свердловская область,Россия
Верхняя Тура,Свердловская область,Россия
Верхотурье,Свердловская область,Россия
Волчанск,Свердловская область,Россия
Дегтярск,Свердловская область,Россия
Екатеринбург,Свердловская область,Россия
Заречный,Свердловская область,Россия
Ивдель,Свердловская область,Россия
Ирбит,Свердловская область,Россия
Каменск-Уральский,Свердловская область,Россия
Камышлов,Свердловская область,Россия
Карпинск,Свердловская область,Россия
Качканар,Свердловская область,Россия
Кировград,Свердловская область,Россия
Краснотурьинск,Свердловская область,Россия
Красноуральск,Свердловская область,Россия
Красноуфимск,Свердловская область,Россия
Кушва,Свердловская область,Россия
Лесной,Свердловская область,Россия
Михайловск,Свердловская область,Россия
Невьянск,Свердловская область,Россия
Нижние Серги,Свердловская область,Россия
Нижний Тагил,Свердловская область,Россия
Нижняя Салда,Свердловская область,Россия
Нижняя Тура,Свердловская область,Россия
Новая Ляля,Свердловская область,Россия
Новоуральск,Свердловская область,Россия
Первоуральск,Свердловская область,Россия
Полевской,Свердловская область,Россия
Ревда,Свердловская область,Россия
Реж,Свердловская область,Россия
Североуральск,Свердловская область,Россия
Серов,Свердловская область,Россия
Среднеуральск,Свердловская область,Россия
Сухой Лог,Свердловская область,Россия
Сысерть,Свердловская область,Россия
Тавда,Свердловская область,Россия
Талица,Свердловская область,Россия
Туринск,Свердловская область,Россия
Севастополь,Севастополь,Россия
Велиж,Смоленская область,Россия
Вязьма,Смоленская область,Россия
Гагарин,Смоленская область,Россия
Демидов,Смоленская область,Россия
Десногорск,Смоленская область,Россия
Дорогобуж,Смоленская область,Россия
Духовщина,Смоленская область,Россия
Ельня,Смоленская область,Россия
Починок,Смоленская область,Россия
Рославль,Смоленская область,Россия
Рудня,Смоленская область,Россия
Сафоново,Смоленская область,Россия
Смоленск,Смоленская область,Россия
Сычевка,Смоленская область,Россия
Ярцево,Смоленская область,Россия
Благодарный,Ставропольский край,Россия
Буденновск,Ставропольский край,Россия
Георгиевск,Ставропольский край,Россия
Ессентуки,Ставропольский край,Россия
Железноводск,Ставропольский край,Россия
Зеленокумск,Ставропольский край,Россия
Изобильный,Ставропольский край,Россия
Ипатово,Ставропольский край,Россия
Кисловодск,Ставропольский край,Россия
Лермонтов,Ставропольский край,Россия
Минеральные Воды,Ставропольский край,Россия
Михайловск,Ставропольский край,Россия
Невинномысск,Ставропольский край,Россия
Нефтекумск,Ставропольский край,Россия
Новоалександровск,Ставропольский край,Россия
Новопавловск,Ставропольский край,Россия
Пятигорск,Ставропольский край,Россия
Светлоград,Ставропольский край,Россия
Ставрополь,Ставропольский край,Россия
Жердевка,Тамбовская область,Россия
Кирсанов,Тамбовская область,Россия
Котовск,Тамбовская область,Россия
Мичуринск,Тамбовская область,Россия
Моршанск,Тамбовская область,Россия
Рассказово,Тамбовская область,Россия
Тамбов,Тамбовская область,Россия
Уварово,Тамбовская область,Россия
Андреаполь,Тверская область,Россия
Бежецк,Тверская область,Россия
Белый,Тверская область,Россия
Бологое,Тверская область,Россия
Весьегонск,Тверская область,Россия
Вышний Волочек,Тверская область,Россия
Западная Двина,Тверская область,Россия
Зубцов,Тверская область,Россия
Калязин,Тверская область,Россия
Кашин,Тверская область,Россия
Кимры,Тверская область,Россия
Конаково,Тверская область,Россия
Красный Холм,Тверская область,Россия
Кувшиново,Тверская область,Россия
Лихославль,Тверская область,Россия
Нелидово,Тверская область,Россия
Осташков,Тверская область,Россия
Ржев,Тверская область,Россия
Старица,Тверская область,Россия
Тверь,Тверская область,Россия
Торжок,Тверская область,Россия
Торопец,Тверская область,Россия
Удомля,Тверская область,Россия
Асино,Томская область,Россия
Кедровый,Томская область,Россия
Колпашево,Томская область,Россия
Северск,Томская область,Россия
Стрежевой,Томская область,Россия
Томск,Томская область,Россия
Алексин,Тульская область,Россия
Белев,Тульская область,Россия
Богородицк,Тульская область,Россия
Болохово,Тульская область,Россия
Венев,Тульская область,Россия
Донской,Тульская область,Россия
Ефремов,Тульская область,Россия
Кимовск,Тульская область,Россия
Киреевск,Тульская область,Россия
Липки,Тульская область,Россия
Новомосковск,Тульская область,Россия
Плавск,Тульская область,Россия
Советск,Тульская область,Россия
Суворов,Тульская область,Россия
Тула,Тульская область,Россия
Узловая,Тульская область,Россия
Чекалин,Тульская область,Россия
Щекино,Тульская область,Россия
Ясногорск,Тульская область,Россия
Белоярский,Тюменская область,Россия
Губкинский,Тюменская область,Россия
Заводоуковск,Тюменская область,Россия
Ишим,Тюменская область,Россия
Когалым,Тюменская область,Россия
Лабытнанги,Тюменская область,Россия
Лангепас,Тюменская область,Россия
Лянтор,Тюменская область,Россия
Мегион,Тюменская область,Россия
Муравленко,Тюменская область,Россия
Надым,Тюменская область,Россия
Нефтеюганск,Тюменская область,Россия
Нижневартовск,Тюменская область,Россия
Новый Уренгой,Тюменская область,Россия
Ноябрьск,Тюменская область,Россия
Нягань,Тюменская область,Россия
Покачи,Тюменская область,Россия
Пыть-Ях,Тюменская область,Россия
Радужный,Тюменская область,Россия
Салехард,Тюменская область,Россия
Советский,Тюменская область,Россия
Сургут,Тюменская область,Россия
Тарко-Сале,Тюменская область,Россия
Тобольск,Тюменская область,Россия
Тюмень,Тюменская область,Россия
Урай,Тюменская область,Россия
Ханты-Мансийск,Тюменская область,Россия
Югорск,Тюменская область,Россия
Ялуторовск,Тюменская область,Россия
Воткинск,Удмуртская Республика,Россия
Глазов,Удмуртская Республика,Россия
Ижевск,Удмуртская Республика,Россия
Камбарка,Удмуртская Республика,Россия
Можга,Удмуртская Республика,Россия
Сарапул,Удмуртская Республика,Россия
Барыш,Ульяновская область,Россия
Димитровград,Ульяновская область,Россия
Инза,Ульяновская область,Россия
Новоульяновск,Ульяновская область,Россия
Сенгилей,Ульяновская область,Россия
Ульяновск,Ульяновская область,Россия
Амурск,Хабаровский край,Россия
Бикин,Хабаровский край,Россия
Вяземский,Хабаровский край,Россия
Комсомольск-на-Амуре,Хабаровский край,Россия
Николаевск-на-Амуре,Хабаровский край,Россия
Советская Гавань,Хабаровский край,Россия
Хабаровск,Хабаровский край,Россия
Аша,Челябинская область,Россия
Бакал,Челябинская область,Россия
Верхнеуральск,Челябинская область,Россия
Верхний Уфалей,Челябинская область,Россия
Еманжелинск,Челябинская область,Россия
Златоуст,Челябинская область,Россия
Карабаш,Челябинская область,Россия
Карталы,Челябинская область,Россия
Касли,Челябинская область,Россия
Катав-Ивановск,Челябинская область,Россия
Копейск,Челябинская область,Россия
Коркино,Челябинская область,Россия
Куса,Челябинская область,Россия
Кыштым,Челябинская область,Россия
Магнитогорск,Челябинская область,Россия
Миасс,Челябинская область,Россия
Миньяр,Челябинская область,Россия
Нязепетровск,Челябинская область,Россия
Озерск,Челябинская область,Россия
Пласт,Челябинская область,Россия
Сатка,Челябинская область,Россия
Сим,Челябинская область,Россия
Снежинск,Челябинская область,Россия
Трехгорный,Челябинская область,Россия
Троицк,Челябинская область,Россия
Усть-Катав,Челябинская область,Россия
Чебаркуль,Челябинская область,Россия
Челябинск,Челябинская область,Россия
Южноуральск,Челябинская область,Россия
Юрюзань,Челябинская область,Россия
Аргун,Чеченская Республика,Россия
Грозный,Чеченская Республика,Россия
Гудермес,Чеченская Республика,Россия
Курчалой,Чеченская Республика,Россия
Урус-Мартан,Чеченская Республика,Россия
Шали,Чеченская Республика,Россия
Алатырь,Чувашская Республика,Россия
Канаш,Чувашская Республика,Россия
Козловка,Чувашская Республика,Россия
Мариинский Посад,Чувашская Республика,Россия
Новочебоксарск,Чувашская Республика,Россия
Цивильск,Чувашская Республика,Россия
Чебоксары,Чувашская Республика,Россия
Шумерля,Чувашская Республика,Россия
Ядрин,Чувашская Республика,Россия
Анадырь,Чукотский автономный округ,Россия
Билибино,Чукотский автономный округ,Россия
Певек,Чукотский автономный округ,Россия
Гаврилов-Ям,Ярославская область,Россия
Данилов,Ярославская область,Россия
Любим,Ярославская область,Россия
Мышкин,Ярославская область,Россия
Переславль-Залесский,Ярославская область,Россия
Пошехонье,Ярославская область,Россия
Ростов,Ярославская область,Россия
Рыбинск,Ярославская область,Россия
Тутаев,Ярославская область,Россия
Углич,Ярославская область,Россия
Ярославль,Ярославская область,Россия
